{"cameraMode":{"drawMode":0,"name":"Shaded","section":"Shading Mode"},"sceneLighting":false,"audioPlay":false,"sceneViewState":{"showFog":true,"showMaterialUpdate":false,"showSkybox":false,"showFlares":true,"showImageEffects":true,"showParticleSystems":true,"showVisualEffectGraphs":true,"m_FxEnabled":true},"in2DMode":false,"pivot":{"x":1.1044697761535645,"y":2.5999999046325685,"z":-11.850000381469727},"rotation":{"x":0.3040340542793274,"y":-0.07420893758535385,"z":0.023762991651892663,"w":0.9494671821594238},"size":4.520653247833252,"orthographic":false}