{"cameraMode":{"drawMode":0,"name":"Shaded","section":"Shading Mode"},"sceneLighting":false,"audioPlay":false,"sceneViewState":{"showFog":true,"showMaterialUpdate":false,"showSkybox":false,"showFlares":true,"showImageEffects":true,"showParticleSystems":true,"showVisualEffectGraphs":true,"m_FxEnabled":true},"in2DMode":false,"pivot":{"x":-2.0038087368011476,"y":-0.17149138450622559,"z":0.9061322212219238},"rotation":{"x":0.16606290638446809,"y":-0.6270425319671631,"z":0.13916462659835816,"w":0.7482414841651917},"size":2.5246500968933107,"orthographic":false}