{"cameraMode":{"drawMode":0,"name":"Shaded","section":"Shading Mode"},"sceneLighting":false,"audioPlay":false,"sceneViewState":{"showFog":true,"showMaterialUpdate":false,"showSkybox":false,"showFlares":true,"showImageEffects":true,"showParticleSystems":true,"showVisualEffectGraphs":true,"m_FxEnabled":true},"in2DMode":false,"pivot":{"x":-0.03635832667350769,"y":0.06357023119926453,"z":0.07505810260772705},"rotation":{"x":-0.032687652856111529,"y":0.947597861289978,"z":-0.10303720086812973,"w":-0.30061793327331545},"size":0.1330127716064453,"orthographic":false}