{"cameraMode":{"drawMode":0,"name":"Shaded","section":"Shading Mode"},"sceneLighting":false,"audioPlay":false,"sceneViewState":{"showFog":true,"showMaterialUpdate":false,"showSkybox":false,"showFlares":true,"showImageEffects":true,"showParticleSystems":true,"showVisualEffectGraphs":true,"m_FxEnabled":true},"in2DMode":false,"pivot":{"x":0.279700368642807,"y":1.221463918685913,"z":0.022734563797712327},"rotation":{"x":0.7258992195129395,"y":-0.00722133181989193,"z":0.007622246630489826,"w":0.6877225041389465},"size":0.12247447669506073,"orthographic":false}