{"cameraMode":{"drawMode":0,"name":"Shaded","section":"Shading Mode"},"sceneLighting":false,"audioPlay":false,"sceneViewState":{"showFog":true,"showMaterialUpdate":false,"showSkybox":false,"showFlares":true,"showImageEffects":true,"showParticleSystems":true,"showVisualEffectGraphs":true,"m_FxEnabled":true},"in2DMode":false,"pivot":{"x":-0.005796097218990326,"y":0.9759154319763184,"z":0.5993438959121704},"rotation":{"x":-0.3494243025779724,"y":0.6360405683517456,"z":-0.5639550089836121,"w":-0.39408937096595766},"size":0.5660253763198853,"orthographic":false}