{"cameraMode":{"drawMode":0,"name":"Shaded","section":"Shading Mode"},"sceneLighting":true,"audioPlay":false,"sceneViewState":{"showFog":true,"showMaterialUpdate":false,"showSkybox":true,"showFlares":true,"showImageEffects":true,"showParticleSystems":true,"showVisualEffectGraphs":true,"m_FxEnabled":true},"in2DMode":false,"pivot":{"x":-0.9582953453063965,"y":1.5765342712402344,"z":14.193392753601075},"rotation":{"x":0.1060301885008812,"y":-0.07063942402601242,"z":0.007551544811576605,"w":0.9918225407600403},"size":10.794426918029786,"orthographic":false}