{"cameraMode":{"drawMode":0,"name":"Shaded","section":"Shading Mode"},"sceneLighting":true,"audioPlay":false,"sceneViewState":{"showFog":true,"showMaterialUpdate":false,"showSkybox":true,"showFlares":true,"showImageEffects":true,"showParticleSystems":true,"showVisualEffectGraphs":true,"m_FxEnabled":true},"in2DMode":false,"pivot":{"x":3.937110424041748,"y":-2.440169334411621,"z":7.785030364990234},"rotation":{"x":0.12935443222522736,"y":0.052034832537174228,"z":-0.006797319743782282,"w":0.9902099967002869},"size":17.563739776611329,"orthographic":false}