{"cameraMode":{"drawMode":0,"name":"Shaded","section":"Shading Mode"},"sceneLighting":true,"audioPlay":false,"sceneViewState":{"showFog":true,"showMaterialUpdate":false,"showSkybox":true,"showFlares":true,"showImageEffects":true,"showParticleSystems":true,"showVisualEffectGraphs":true,"m_FxEnabled":true},"in2DMode":false,"pivot":{"x":-0.4958066940307617,"y":1.3738670349121094,"z":2.7074992656707765},"rotation":{"x":0.31067895889282229,"y":0.6802995800971985,"z":-0.39759305119514468,"w":0.5315855741500855},"size":36.96711730957031,"orthographic":false}