{"cameraMode":{"drawMode":0,"name":"Shaded","section":"Shading Mode"},"sceneLighting":true,"audioPlay":false,"sceneViewState":{"showFog":true,"showMaterialUpdate":false,"showSkybox":true,"showFlares":true,"showImageEffects":true,"showParticleSystems":true,"showVisualEffectGraphs":true,"m_FxEnabled":true},"in2DMode":false,"pivot":{"x":-0.6633560657501221,"y":4.051966667175293,"z":1.4158239364624024},"rotation":{"x":0.07680507004261017,"y":0.4355272948741913,"z":-0.03732861578464508,"w":0.8961164951324463},"size":4.5655012130737309,"orthographic":false}