{"cameraMode":{"drawMode":0,"name":"Shaded","section":"Shading Mode"},"sceneLighting":true,"audioPlay":false,"sceneViewState":{"showFog":true,"showMaterialUpdate":false,"showSkybox":true,"showFlares":true,"showImageEffects":true,"showParticleSystems":true,"showVisualEffectGraphs":true,"m_FxEnabled":true},"in2DMode":false,"pivot":{"x":-1.9326382875442505,"y":-0.8478193283081055,"z":7.445919036865234},"rotation":{"x":0.16864590346813203,"y":-0.022175688296556474,"z":0.0037950004916638138,"w":0.9854143857955933},"size":12.977429389953614,"orthographic":false}