{"cameraMode":{"drawMode":0,"name":"Shaded","section":"Shading Mode"},"sceneLighting":true,"audioPlay":false,"sceneViewState":{"showFog":true,"showMaterialUpdate":false,"showSkybox":true,"showFlares":true,"showImageEffects":true,"showParticleSystems":true,"showVisualEffectGraphs":true,"m_FxEnabled":true},"in2DMode":false,"pivot":{"x":1.9033699035644532,"y":3.4713644981384279,"z":-0.9840373992919922},"rotation":{"x":0.05669379606842995,"y":0.592024564743042,"z":-0.041806988418102267,"w":0.8028369545936585},"size":13.804149627685547,"orthographic":false}