{"cameraMode":{"drawMode":0,"name":"Shaded","section":"Shading Mode"},"sceneLighting":true,"audioPlay":false,"sceneViewState":{"showFog":true,"showMaterialUpdate":false,"showSkybox":true,"showFlares":true,"showImageEffects":true,"showParticleSystems":true,"showVisualEffectGraphs":true,"m_FxEnabled":true},"in2DMode":false,"pivot":{"x":-0.14226806163787843,"y":1.026220679283142,"z":-0.16390204429626466},"rotation":{"x":0.07400192320346832,"y":-0.45751845836639407,"z":0.03824523463845253,"w":0.8852846026420593},"size":3.866024971008301,"orthographic":false}