{"cameraMode":{"drawMode":0,"name":"Shaded","section":"Shading Mode"},"sceneLighting":false,"audioPlay":false,"sceneViewState":{"showFog":true,"showMaterialUpdate":false,"showSkybox":false,"showFlares":true,"showImageEffects":true,"showParticleSystems":true,"showVisualEffectGraphs":true,"m_FxEnabled":true},"in2DMode":false,"pivot":{"x":-2.1690709590911867,"y":0.005262851715087891,"z":1.542446494102478},"rotation":{"x":0.12665459513664246,"y":-0.5982528328895569,"z":0.09648320078849793,"w":0.785331666469574},"size":1.7436532974243165,"orthographic":false}