{"cameraMode":{"drawMode":0,"name":"Shaded","section":"Shading Mode"},"sceneLighting":false,"audioPlay":false,"sceneViewState":{"showFog":true,"showMaterialUpdate":false,"showSkybox":false,"showFlares":true,"showImageEffects":true,"showParticleSystems":true,"showVisualEffectGraphs":true,"m_FxEnabled":true},"in2DMode":false,"pivot":{"x":1.0378291606903077,"y":0.5968059301376343,"z":0.6948341131210327},"rotation":{"x":0.05742904171347618,"y":0.7264562249183655,"z":-0.06116621196269989,"w":0.6820724010467529},"size":0.8074705004692078,"orthographic":false}